ONS ID,ONS region ID,Constituency name,County name,Region name,Country name,Constituency type,Declaration time,Member first name,Member surname,Member gender,Result,First party,Second party,Electorate,Valid votes,Invalid votes,Majority,Con,Lab,LD,RUK,Green,SNP,PC,DUP,SF,SDLP,UUP,APNI,All other candidates,Of which other winner
W07000081,W92000004,Aberafan Maesteg,,Wales,Wales,County,,,,,,,,,,,,,,,,,,,,,,,,,
S14000060,S92000003,Aberdeen North,,Scotland,Scotland,Burgh,,,,,,,,,,,,,,,,,,,,,,,,,
S14000061,S92000003,Aberdeen South,,Scotland,Scotland,Burgh,,,,,,,,,,,,,,,,,,,,,,,,,
S14000062,S92000003,Aberdeenshire North and Moray East,,Scotland,Scotland,County,,,,,,,,,,,,,,,,,,,,,,,,,
S14000063,S92000003,Airdrie and Shotts,,Scotland,Scotland,County,,,,,,,,,,,,,,,,,,,,,,,,,
E14001063,E12000008,Aldershot,,South East,England,Borough,,,,,,,,,,,,,,,,,,,,,,,,,
E14001064,E12000005,Aldridge-Brownhills,,West Midlands,England,Borough,,,,,,,,,,,,,,,,,,,,,,,,,
S14000064,S92000003,Alloa and Grangemouth,,Scotland,Scotland,County,,,,,,,,,,,,,,,,,,,,,,,,,
E14001065,E12000002,Altrincham and Sale West,,North West,England,Borough,,,,,,,,,,,,,,,,,,,,,,,,,
W07000082,W92000004,Alyn and Deeside,,Wales,Wales,County,,,,,,,,,,,,,,,,,,,,,,,,,
E14001066,E12000004,Amber Valley,,East Midlands,England,County,,,,,,,,,,,,,,,,,,,,,,,,,
S14000065,S92000003,Angus and Perthshire Glens,,Scotland,Scotland,County,,,,,,,,,,,,,,,,,,,,,,,,,
S14000066,S92000003,Arbroath and Broughty Ferry,,Scotland,Scotland,County,,,,,,,,,,,,,,,,,,,,,,,,,
S14000067,S92000003,"Argyll, Bute and South Lochaber",,Scotland,Scotland,County,,,,,,,,,,,,,,,,,,,,,,,,,
E14001067,E12000008,Arundel and South Downs,,South East,England,County,,,,,,,,,,,,,,,,,,,,,,,,,
E14001068,E12000004,Ashfield,,East Midlands,England,County,,,,,,,,,,,,,,,,,,,,,,,,,
E14001069,E12000008,Ashford,,South East,England,County,,,,,,,,,,,,,,,,,,,,,,,,,
E14001070,E12000002,Ashton-under-Lyne,,North West,England,Borough,,,,,,,,,,,,,,,,,,,,,,,,,
E14001071,E12000008,Aylesbury,,South East,England,County,,,,,,,,,,,,,,,,,,,,,,,,,
S14000107,S92000003,"Ayr, Carrick and Cumnock",,Scotland,Scotland,County,,,,,,,,,,,,,,,,,,,,,,,,,
E14001072,E12000008,Banbury,,South East,England,County,,,,,,,,,,,,,,,,,,,,,,,,,
W07000083,W92000004,Bangor Aberconwy,,Wales,Wales,County,,,,,,,,,,,,,,,,,,,,,,,,,
E14001073,E12000007,Barking,,London,England,Borough,,,,,,,,,,,,,,,,,,,,,,,,,
E14001074,E12000003,Barnsley North,,Yorkshire and The Humber,England,County,,,,,,,,,,,,,,,,,,,,,,,,,
E14001075,E12000003,Barnsley South,,Yorkshire and The Humber,England,County,,,,,,,,,,,,,,,,,,,,,,,,,
E14001076,E12000002,Barrow and Furness,,North West,England,County,,,,,,,,,,,,,,,,,,,,,,,,,
E14001077,E12000006,Basildon and Billericay,,East of England,England,Borough,,,,,,,,,,,,,,,,,,,,,,,,,
E14001078,E12000008,Basingstoke,,South East,England,Borough,,,,,,,,,,,,,,,,,,,,,,,,,
E14001079,E12000004,Bassetlaw,,East Midlands,England,County,,,,,,,,,,,,,,,,,,,,,,,,,
E14001080,E12000009,Bath,,South West,England,County,,,,,,,,,,,,,,,,,,,,,,,,,
S14000068,S92000003,Bathgate and Linlithgow,,Scotland,Scotland,County,,,,,,,,,,,,,,,,,,,,,,,,,
E14001081,E12000007,Battersea,,London,England,Borough,,,,,,,,,,,,,,,,,,,,,,,,,
E14001082,E12000008,Beaconsfield,,South East,England,County,,,,,,,,,,,,,,,,,,,,,,,,,
E14001083,E12000007,Beckenham and Penge,,London,England,Borough,,,,,,,,,,,,,,,,,,,,,,,,,
E14001084,E12000006,Bedford,,East of England,England,Borough,,,,,,,,,,,,,,,,,,,,,,,,,
N05000001,N92000002,Belfast East,,Northern Ireland,Northern Ireland,Borough,,,,,,,,,,,,,,,,,,,,,,,,,
N05000002,N92000002,Belfast North,,Northern Ireland,Northern Ireland,Borough,,,,,,,,,,,,,,,,,,,,,,,,,
N05000003,N92000002,Belfast South and Mid Down,,Northern Ireland,Northern Ireland,Borough,,,,,,,,,,,,,,,,,,,,,,,,,
N05000004,N92000002,Belfast West,,Northern Ireland,Northern Ireland,Borough,,,,,,,,,,,,,,,,,,,,,,,,,
E14001085,E12000007,Bermondsey and Old Southwark,,London,England,Borough,,,,,,,,,,,,,,,,,,,,,,,,,
S14000108,S92000003,"Berwickshire, Roxburgh and Selkirk",,Scotland,Scotland,County,,,,,,,,,,,,,,,,,,,,,,,,,
E14001086,E12000007,Bethnal Green and Stepney,,London,England,Borough,,,,,,,,,,,,,,,,,,,,,,,,,
E14001087,E12000003,Beverley and Holderness,,Yorkshire and The Humber,England,County,,,,,,,,,,,,,,,,,,,,,,,,,
E14001088,E12000008,Bexhill and Battle,,South East,England,County,,,,,,,,,,,,,,,,,,,,,,,,,
E14001089,E12000007,Bexleyheath and Crayford,,London,England,Borough,,,,,,,,,,,,,,,,,,,,,,,,,
E14001090,E12000008,Bicester and Woodstock,,South East,England,County,,,,,,,,,,,,,,,,,,,,,,,,,
E14001091,E12000002,Birkenhead,,North West,England,Borough,,,,,,,,,,,,,,,,,,,,,,,,,
E14001092,E12000005,Birmingham Edgbaston,,West Midlands,England,Borough,,,,,,,,,,,,,,,,,,,,,,,,,
E14001093,E12000005,Birmingham Erdington,,West Midlands,England,Borough,,,,,,,,,,,,,,,,,,,,,,,,,
E14001094,E12000005,Birmingham Hall Green and Moseley,,West Midlands,England,Borough,,,,,,,,,,,,,,,,,,,,,,,,,
E14001095,E12000005,Birmingham Hodge Hill and Solihull North,,West Midlands,England,Borough,,,,,,,,,,,,,,,,,,,,,,,,,
E14001096,E12000005,Birmingham Ladywood,,West Midlands,England,Borough,,,,,,,,,,,,,,,,,,,,,,,,,
E14001097,E12000005,Birmingham Northfield,,West Midlands,England,Borough,,,,,,,,,,,,,,,,,,,,,,,,,
E14001098,E12000005,Birmingham Perry Barr,,West Midlands,England,Borough,,,,,,,,,,,,,,,,,,,,,,,,,
E14001099,E12000005,Birmingham Selly Oak,,West Midlands,England,Borough,,,,,,,,,,,,,,,,,,,,,,,,,
E14001100,E12000005,Birmingham Yardley,,West Midlands,England,Borough,,,,,,,,,,,,,,,,,,,,,,,,,
E14001101,E12000001,Bishop Auckland,,North East,England,County,,,,,,,,,,,,,,,,,,,,,,,,,
E14001102,E12000002,Blackburn,,North West,England,Borough,,,,,,,,,,,,,,,,,,,,,,,,,
E14001103,E12000002,Blackley and Middleton South,,North West,England,Borough,,,,,,,,,,,,,,,,,,,,,,,,,
E14001104,E12000002,Blackpool North and Fleetwood,,North West,England,Borough,,,,,,,,,,,,,,,,,,,,,,,,,
E14001105,E12000002,Blackpool South,,North West,England,Borough,,,,,,,,,,,,,,,,,,,,,,,,,
W07000084,W92000004,Blaenau Gwent and Rhymney,,Wales,Wales,County,,,,,,,,,,,,,,,,,,,,,,,,,
E14001106,E12000001,Blaydon and Consett,,North East,England,County,,,,,,,,,,,,,,,,,,,,,,,,,
E14001107,E12000001,Blyth and Ashington,,North East,England,County,,,,,,,,,,,,,,,,,,,,,,,,,
E14001108,E12000008,Bognor Regis and Littlehampton,,South East,England,Borough,,,,,,,,,,,,,,,,,,,,,,,,,
E14001109,E12000004,Bolsover,,East Midlands,England,County,,,,,,,,,,,,,,,,,,,,,,,,,
E14001110,E12000002,Bolton North East,,North West,England,Borough,,,,,,,,,,,,,,,,,,,,,,,,,
E14001111,E12000002,Bolton South and Walkden,,North West,England,Borough,,,,,,,,,,,,,,,,,,,,,,,,,
E14001112,E12000002,Bolton West,,North West,England,County,,,,,,,,,,,,,,,,,,,,,,,,,
E14001113,E12000002,Bootle,,North West,England,Borough,,,,,,,,,,,,,,,,,,,,,,,,,
E14001114,E12000004,Boston and Skegness,,East Midlands,England,County,,,,,,,,,,,,,,,,,,,,,,,,,
E14001115,E12000009,Bournemouth East,,South West,England,Borough,,,,,,,,,,,,,,,,,,,,,,,,,
E14001116,E12000009,Bournemouth West,,South West,England,Borough,,,,,,,,,,,,,,,,,,,,,,,,,
E14001117,E12000008,Bracknell,,South East,England,Borough,,,,,,,,,,,,,,,,,,,,,,,,,
E14001118,E12000003,Bradford East,,Yorkshire and The Humber,England,Borough,,,,,,,,,,,,,,,,,,,,,,,,,
E14001119,E12000003,Bradford South,,Yorkshire and The Humber,England,Borough,,,,,,,,,,,,,,,,,,,,,,,,,
E14001120,E12000003,Bradford West,,Yorkshire and The Humber,England,Borough,,,,,,,,,,,,,,,,,,,,,,,,,
E14001121,E12000006,Braintree,,East of England,England,County,,,,,,,,,,,,,,,,,,,,,,,,,
W07000085,W92000004,"Brecon, Radnor and Cwm Tawe",,Wales,Wales,County,,,,,,,,,,,,,,,,,,,,,,,,,
E14001122,E12000007,Brent East,,London,England,Borough,,,,,,,,,,,,,,,,,,,,,,,,,
E14001123,E12000007,Brent West,,London,England,Borough,,,,,,,,,,,,,,,,,,,,,,,,,
E14001124,E12000007,Brentford and Isleworth,,London,England,Borough,,,,,,,,,,,,,,,,,,,,,,,,,
E14001125,E12000006,Brentwood and Ongar,,East of England,England,County,,,,,,,,,,,,,,,,,,,,,,,,,
W07000086,W92000004,Bridgend,,Wales,Wales,County,,,,,,,,,,,,,,,,,,,,,,,,,
E14001126,E12000009,Bridgwater,,South West,England,County,,,,,,,,,,,,,,,,,,,,,,,,,
E14001127,E12000003,Bridlington and The Wolds,,Yorkshire and The Humber,England,County,,,,,,,,,,,,,,,,,,,,,,,,,
E14001128,E12000003,Brigg and Immingham,,Yorkshire and The Humber,England,County,,,,,,,,,,,,,,,,,,,,,,,,,
E14001129,E12000008,Brighton Kemptown and Peacehaven,,South East,England,Borough,,,,,,,,,,,,,,,,,,,,,,,,,
E14001130,E12000008,Brighton Pavilion,,South East,England,Borough,,,,,,,,,,,,,,,,,,,,,,,,,
E14001131,E12000009,Bristol Central,,South West,England,Borough,,,,,,,,,,,,,,,,,,,,,,,,,
E14001132,E12000009,Bristol East,,South West,England,Borough,,,,,,,,,,,,,,,,,,,,,,,,,
E14001133,E12000009,Bristol North East,,South West,England,Borough,,,,,,,,,,,,,,,,,,,,,,,,,
E14001134,E12000009,Bristol North West,,South West,England,Borough,,,,,,,,,,,,,,,,,,,,,,,,,
E14001135,E12000009,Bristol South,,South West,England,Borough,,,,,,,,,,,,,,,,,,,,,,,,,
E14001136,E12000006,Broadland and Fakenham,,East of England,England,County,,,,,,,,,,,,,,,,,,,,,,,,,
E14001137,E12000007,Bromley and Biggin Hill,,London,England,Borough,,,,,,,,,,,,,,,,,,,,,,,,,
E14001138,E12000005,Bromsgrove,,West Midlands,England,County,,,,,,,,,,,,,,,,,,,,,,,,,
E14001139,E12000006,Broxbourne,,East of England,England,County,,,,,,,,,,,,,,,,,,,,,,,,,
E14001140,E12000004,Broxtowe,,East Midlands,England,County,,,,,,,,,,,,,,,,,,,,,,,,,
E14001141,E12000008,Buckingham and Bletchley,,South East,England,County,,,,,,,,,,,,,,,,,,,,,,,,,
E14001142,E12000002,Burnley,,North West,England,County,,,,,,,,,,,,,,,,,,,,,,,,,
E14001143,E12000005,Burton and Uttoxeter,,West Midlands,England,County,,,,,,,,,,,,,,,,,,,,,,,,,
E14001144,E12000002,Bury North,,North West,England,Borough,,,,,,,,,,,,,,,,,,,,,,,,,
E14001145,E12000002,Bury South,,North West,England,Borough,,,,,,,,,,,,,,,,,,,,,,,,,
E14001146,E12000006,Bury St Edmunds and Stowmarket,,East of England,England,County,,,,,,,,,,,,,,,,,,,,,,,,,
W07000087,W92000004,Caerfyrddin,,Wales,Wales,County,,,,,,,,,,,,,,,,,,,,,,,,,
W07000088,W92000004,Caerphilly,,Wales,Wales,County,,,,,,,,,,,,,,,,,,,,,,,,,
S14000069,S92000003,"Caithness, Sutherland and Easter Ross",,Scotland,Scotland,County,,,,,,,,,,,,,,,,,,,,,,,,,
E14001147,E12000003,Calder Valley,,Yorkshire and The Humber,England,County,,,,,,,,,,,,,,,,,,,,,,,,,
E14001148,E12000009,Camborne and Redruth,,South West,England,County,,,,,,,,,,,,,,,,,,,,,,,,,
E14001149,E12000006,Cambridge,,East of England,England,Borough,,,,,,,,,,,,,,,,,,,,,,,,,
E14001150,E12000005,Cannock Chase,,West Midlands,England,County,,,,,,,,,,,,,,,,,,,,,,,,,
E14001151,E12000008,Canterbury,,South East,England,County,,,,,,,,,,,,,,,,,,,,,,,,,
W07000089,W92000004,Cardiff East,,Wales,Wales,Borough,,,,,,,,,,,,,,,,,,,,,,,,,
W07000090,W92000004,Cardiff North,,Wales,Wales,Borough,,,,,,,,,,,,,,,,,,,,,,,,,
W07000091,W92000004,Cardiff South and Penarth,,Wales,Wales,Borough,,,,,,,,,,,,,,,,,,,,,,,,,
W07000092,W92000004,Cardiff West,,Wales,Wales,Borough,,,,,,,,,,,,,,,,,,,,,,,,,
E14001152,E12000002,Carlisle,,North West,England,County,,,,,,,,,,,,,,,,,,,,,,,,,
E14001153,E12000007,Carshalton and Wallington,,London,England,Borough,,,,,,,,,,,,,,,,,,,,,,,,,
E14001154,E12000006,Castle Point,,East of England,England,Borough,,,,,,,,,,,,,,,,,,,,,,,,,
S14000109,S92000003,Central Ayrshire,,Scotland,Scotland,County,,,,,,,,,,,,,,,,,,,,,,,,,
E14001155,E12000009,Central Devon,,South West,England,County,,,,,,,,,,,,,,,,,,,,,,,,,
E14001156,E12000006,Central Suffolk and North Ipswich,,East of England,England,County,,,,,,,,,,,,,,,,,,,,,,,,,
W07000093,W92000004,Ceredigion Preseli,,Wales,Wales,County,,,,,,,,,,,,,,,,,,,,,,,,,
E14001157,E12000008,Chatham and Aylesford,,South East,England,County,,,,,,,,,,,,,,,,,,,,,,,,,
E14001158,E12000002,Cheadle,,North West,England,Borough,,,,,,,,,,,,,,,,,,,,,,,,,
E14001159,E12000006,Chelmsford,,East of England,England,Borough,,,,,,,,,,,,,,,,,,,,,,,,,
E14001160,E12000007,Chelsea and Fulham,,London,England,Borough,,,,,,,,,,,,,,,,,,,,,,,,,
E14001161,E12000009,Cheltenham,,South West,England,Borough,,,,,,,,,,,,,,,,,,,,,,,,,
E14001162,E12000008,Chesham and Amersham,,South East,England,County,,,,,,,,,,,,,,,,,,,,,,,,,
E14001163,E12000002,Chester North and Neston,,North West,England,County,,,,,,,,,,,,,,,,,,,,,,,,,
E14001164,E12000002,Chester South and Eddisbury,,North West,England,County,,,,,,,,,,,,,,,,,,,,,,,,,
E14001165,E12000004,Chesterfield,,East Midlands,England,Borough,,,,,,,,,,,,,,,,,,,,,,,,,
E14001166,E12000008,Chichester,,South East,England,County,,,,,,,,,,,,,,,,,,,,,,,,,
E14001167,E12000007,Chingford and Woodford Green,,London,England,Borough,,,,,,,,,,,,,,,,,,,,,,,,,
E14001168,E12000009,Chippenham,,South West,England,County,,,,,,,,,,,,,,,,,,,,,,,,,
E14001169,E12000007,Chipping Barnet,,London,England,Borough,,,,,,,,,,,,,,,,,,,,,,,,,
E14001170,E12000002,Chorley,,North West,England,County,,,,,,,,,,,,,,,,,,,,,,,,,
E14001171,E12000009,Christchurch,,South West,England,County,,,,,,,,,,,,,,,,,,,,,,,,,
E14001172,E12000007,Cities of London and Westminster,,London,England,Borough,,,,,,,,,,,,,,,,,,,,,,,,,
E14001173,E12000001,City of Durham,,North East,England,County,,,,,,,,,,,,,,,,,,,,,,,,,
E14001174,E12000006,Clacton,,East of England,England,County,,,,,,,,,,,,,,,,,,,,,,,,,
E14001175,E12000007,Clapham and Brixton Hill,,London,England,Borough,,,,,,,,,,,,,,,,,,,,,,,,,
W07000094,W92000004,Clwyd East,,Wales,Wales,County,,,,,,,,,,,,,,,,,,,,,,,,,
W07000095,W92000004,Clwyd North,,Wales,Wales,County,,,,,,,,,,,,,,,,,,,,,,,,,
S14000070,S92000003,Coatbridge and Bellshill,,Scotland,Scotland,Burgh,,,,,,,,,,,,,,,,,,,,,,,,,
E14001176,E12000006,Colchester,,East of England,England,Borough,,,,,,,,,,,,,,,,,,,,,,,,,
E14001177,E12000003,Colne Valley,,Yorkshire and The Humber,England,County,,,,,,,,,,,,,,,,,,,,,,,,,
E14001178,E12000002,Congleton,,North West,England,County,,,,,,,,,,,,,,,,,,,,,,,,,
E14001179,E12000004,Corby and East Northamptonshire,,East Midlands,England,County,,,,,,,,,,,,,,,,,,,,,,,,,
E14001180,E12000005,Coventry East,,West Midlands,England,Borough,,,,,,,,,,,,,,,,,,,,,,,,,
E14001181,E12000005,Coventry North West,,West Midlands,England,Borough,,,,,,,,,,,,,,,,,,,,,,,,,
E14001182,E12000005,Coventry South,,West Midlands,England,Borough,,,,,,,,,,,,,,,,,,,,,,,,,
S14000071,S92000003,Cowdenbeath and Kirkcaldy,,Scotland,Scotland,County,,,,,,,,,,,,,,,,,,,,,,,,,
E14001183,E12000001,Cramlington and Killingworth,,North East,England,County,,,,,,,,,,,,,,,,,,,,,,,,,
E14001184,E12000008,Crawley,,South East,England,Borough,,,,,,,,,,,,,,,,,,,,,,,,,
E14001185,E12000002,Crewe and Nantwich,,North West,England,County,,,,,,,,,,,,,,,,,,,,,,,,,
E14001186,E12000007,Croydon East,,London,England,Borough,,,,,,,,,,,,,,,,,,,,,,,,,
E14001187,E12000007,Croydon South,,London,England,Borough,,,,,,,,,,,,,,,,,,,,,,,,,
E14001188,E12000007,Croydon West,,London,England,Borough,,,,,,,,,,,,,,,,,,,,,,,,,
S14000072,S92000003,Cumbernauld and Kirkintilloch,,Scotland,Scotland,County,,,,,,,,,,,,,,,,,,,,,,,,,
E14001189,E12000007,Dagenham and Rainham,,London,England,Borough,,,,,,,,,,,,,,,,,,,,,,,,,
E14001190,E12000001,Darlington,,North East,England,County,,,,,,,,,,,,,,,,,,,,,,,,,
E14001191,E12000008,Dartford,,South East,England,County,,,,,,,,,,,,,,,,,,,,,,,,,
E14001192,E12000004,Daventry,,East Midlands,England,County,,,,,,,,,,,,,,,,,,,,,,,,,
E14001193,E12000004,Derby North,,East Midlands,England,Borough,,,,,,,,,,,,,,,,,,,,,,,,,
E14001194,E12000004,Derby South,,East Midlands,England,Borough,,,,,,,,,,,,,,,,,,,,,,,,,
E14001195,E12000004,Derbyshire Dales,,East Midlands,England,County,,,,,,,,,,,,,,,,,,,,,,,,,
E14001196,E12000003,Dewsbury and Batley,,Yorkshire and The Humber,England,Borough,,,,,,,,,,,,,,,,,,,,,,,,,
E14001197,E12000008,Didcot and Wantage,,South East,England,County,,,,,,,,,,,,,,,,,,,,,,,,,
E14001198,E12000003,Doncaster Central,,Yorkshire and The Humber,England,County,,,,,,,,,,,,,,,,,,,,,,,,,
E14001199,E12000003,Doncaster East and the Isle of Axholme,,Yorkshire and The Humber,England,County,,,,,,,,,,,,,,,,,,,,,,,,,
E14001200,E12000003,Doncaster North,,Yorkshire and The Humber,England,County,,,,,,,,,,,,,,,,,,,,,,,,,
E14001201,E12000008,Dorking and Horley,,South East,England,County,,,,,,,,,,,,,,,,,,,,,,,,,
E14001202,E12000008,Dover and Deal,,South East,England,County,,,,,,,,,,,,,,,,,,,,,,,,,
E14001203,E12000005,Droitwich and Evesham,,West Midlands,England,County,,,,,,,,,,,,,,,,,,,,,,,,,
E14001204,E12000005,Dudley,,West Midlands,England,Borough,,,,,,,,,,,,,,,,,,,,,,,,,
E14001205,E12000007,Dulwich and West Norwood,,London,England,Borough,,,,,,,,,,,,,,,,,,,,,,,,,
S14000073,S92000003,Dumfries and Galloway,,Scotland,Scotland,County,,,,,,,,,,,,,,,,,,,,,,,,,
S14000074,S92000003,"Dumfriesshire, Clydesdale and Tweeddale",,Scotland,Scotland,County,,,,,,,,,,,,,,,,,,,,,,,,,
S14000075,S92000003,Dundee Central,,Scotland,Scotland,Burgh,,,,,,,,,,,,,,,,,,,,,,,,,
S14000076,S92000003,Dunfermline and Dollar,,Scotland,Scotland,County,,,,,,,,,,,,,,,,,,,,,,,,,
E14001206,E12000006,Dunstable and Leighton Buzzard,,East of England,England,County,,,,,,,,,,,,,,,,,,,,,,,,,
W07000096,W92000004,Dwyfor Meirionnydd,,Wales,Wales,County,,,,,,,,,,,,,,,,,,,,,,,,,
E14001207,E12000007,Ealing Central and Acton,,London,England,Borough,,,,,,,,,,,,,,,,,,,,,,,,,
E14001208,E12000007,Ealing North,,London,England,Borough,,,,,,,,,,,,,,,,,,,,,,,,,
E14001209,E12000007,Ealing Southall,,London,England,Borough,,,,,,,,,,,,,,,,,,,,,,,,,
E14001210,E12000008,Earley and Woodley,,South East,England,Borough,,,,,,,,,,,,,,,,,,,,,,,,,
E14001211,E12000001,Easington,,North East,England,County,,,,,,,,,,,,,,,,,,,,,,,,,
N05000005,N92000002,East Antrim,,Northern Ireland,Northern Ireland,County,,,,,,,,,,,,,,,,,,,,,,,,,
E14001212,E12000008,East Grinstead and Uckfield,,South East,England,County,,,,,,,,,,,,,,,,,,,,,,,,,
E14001213,E12000007,East Ham,,London,England,Borough,,,,,,,,,,,,,,,,,,,,,,,,,
E14001214,E12000008,East Hampshire,,South East,England,County,,,,,,,,,,,,,,,,,,,,,,,,,
S14000077,S92000003,East Kilbride and Strathaven,,Scotland,Scotland,County,,,,,,,,,,,,,,,,,,,,,,,,,
N05000006,N92000002,East Londonderry,,Northern Ireland,Northern Ireland,County,,,,,,,,,,,,,,,,,,,,,,,,,
S14000021,S92000003,East Renfrewshire,,Scotland,Scotland,County,,,,,,,,,,,,,,,,,,,,,,,,,
E14001215,E12000008,East Surrey,,South East,England,County,,,,,,,,,,,,,,,,,,,,,,,,,
E14001216,E12000008,East Thanet,,South East,England,Borough,,,,,,,,,,,,,,,,,,,,,,,,,
E14001217,E12000009,East Wiltshire,,South West,England,County,,,,,,,,,,,,,,,,,,,,,,,,,
E14001218,E12000008,East Worthing and Shoreham,,South East,England,County,,,,,,,,,,,,,,,,,,,,,,,,,
E14001219,E12000008,Eastbourne,,South East,England,Borough,,,,,,,,,,,,,,,,,,,,,,,,,
E14001220,E12000008,Eastleigh,,South East,England,Borough,,,,,,,,,,,,,,,,,,,,,,,,,
S14000078,S92000003,Edinburgh East and Musselburgh,,Scotland,Scotland,Burgh,,,,,,,,,,,,,,,,,,,,,,,,,
S14000079,S92000003,Edinburgh North and Leith,,Scotland,Scotland,Burgh,,,,,,,,,,,,,,,,,,,,,,,,,
S14000080,S92000003,Edinburgh South,,Scotland,Scotland,Burgh,,,,,,,,,,,,,,,,,,,,,,,,,
S14000081,S92000003,Edinburgh South West,,Scotland,Scotland,Burgh,,,,,,,,,,,,,,,,,,,,,,,,,
S14000082,S92000003,Edinburgh West,,Scotland,Scotland,Burgh,,,,,,,,,,,,,,,,,,,,,,,,,
E14001221,E12000007,Edmonton and Winchmore Hill,,London,England,Borough,,,,,,,,,,,,,,,,,,,,,,,,,
E14001222,E12000002,Ellesmere Port and Bromborough,,North West,England,Borough,,,,,,,,,,,,,,,,,,,,,,,,,
E14001223,E12000007,Eltham and Chislehurst,,London,England,Borough,,,,,,,,,,,,,,,,,,,,,,,,,
E14001224,E12000006,Ely and East Cambridgeshire,,East of England,England,County,,,,,,,,,,,,,,,,,,,,,,,,,
E14001225,E12000007,Enfield North,,London,England,Borough,,,,,,,,,,,,,,,,,,,,,,,,,
E14001226,E12000006,Epping Forest,,East of England,England,County,,,,,,,,,,,,,,,,,,,,,,,,,
E14001227,E12000008,Epsom and Ewell,,South East,England,Borough,,,,,,,,,,,,,,,,,,,,,,,,,
E14001228,E12000004,Erewash,,East Midlands,England,County,,,,,,,,,,,,,,,,,,,,,,,,,
E14001229,E12000007,Erith and Thamesmead,,London,England,Borough,,,,,,,,,,,,,,,,,,,,,,,,,
E14001230,E12000008,Esher and Walton,,South East,England,Borough,,,,,,,,,,,,,,,,,,,,,,,,,
E14001231,E12000009,Exeter,,South West,England,Borough,,,,,,,,,,,,,,,,,,,,,,,,,
E14001232,E12000009,Exmouth and Exeter East,,South West,England,County,,,,,,,,,,,,,,,,,,,,,,,,,
S14000083,S92000003,Falkirk,,Scotland,Scotland,County,,,,,,,,,,,,,,,,,,,,,,,,,
E14001233,E12000008,Fareham and Waterlooville,,South East,England,County,,,,,,,,,,,,,,,,,,,,,,,,,
E14001234,E12000008,Farnham and Bordon,,South East,England,County,,,,,,,,,,,,,,,,,,,,,,,,,
E14001235,E12000008,Faversham and Mid Kent,,South East,England,County,,,,,,,,,,,,,,,,,,,,,,,,,
E14001236,E12000007,Feltham and Heston,,London,England,Borough,,,,,,,,,,,,,,,,,,,,,,,,,
N05000007,N92000002,Fermanagh and South Tyrone,,Northern Ireland,Northern Ireland,County,,,,,,,,,,,,,,,,,,,,,,,,,
E14001237,E12000009,Filton and Bradley Stoke,,South West,England,Borough,,,,,,,,,,,,,,,,,,,,,,,,,
E14001238,E12000007,Finchley and Golders Green,,London,England,Borough,,,,,,,,,,,,,,,,,,,,,,,,,
E14001239,E12000008,Folkestone and Hythe,,South East,England,County,,,,,,,,,,,,,,,,,,,,,,,,,
E14001240,E12000009,Forest of Dean,,South West,England,County,,,,,,,,,,,,,,,,,,,,,,,,,
N05000008,N92000002,Foyle,,Northern Ireland,Northern Ireland,County,,,,,,,,,,,,,,,,,,,,,,,,,
E14001241,E12000009,Frome and East Somerset,,South West,England,County,,,,,,,,,,,,,,,,,,,,,,,,,
E14001242,E12000002,Fylde,,North West,England,County,,,,,,,,,,,,,,,,,,,,,,,,,
E14001243,E12000004,Gainsborough,,East Midlands,England,County,,,,,,,,,,,,,,,,,,,,,,,,,
E14001244,E12000001,Gateshead Central and Whickham,,North East,England,Borough,,,,,,,,,,,,,,,,,,,,,,,,,
E14001245,E12000004,Gedling,,East Midlands,England,County,,,,,,,,,,,,,,,,,,,,,,,,,
E14001246,E12000008,Gillingham and Rainham,,South East,England,Borough,,,,,,,,,,,,,,,,,,,,,,,,,
S14000084,S92000003,Glasgow East,,Scotland,Scotland,Burgh,,,,,,,,,,,,,,,,,,,,,,,,,
S14000085,S92000003,Glasgow North,,Scotland,Scotland,Burgh,,,,,,,,,,,,,,,,,,,,,,,,,
S14000086,S92000003,Glasgow North East,,Scotland,Scotland,Burgh,,,,,,,,,,,,,,,,,,,,,,,,,
S14000087,S92000003,Glasgow South,,Scotland,Scotland,Burgh,,,,,,,,,,,,,,,,,,,,,,,,,
S14000088,S92000003,Glasgow South West,,Scotland,Scotland,Burgh,,,,,,,,,,,,,,,,,,,,,,,,,
S14000089,S92000003,Glasgow West,,Scotland,Scotland,Burgh,,,,,,,,,,,,,,,,,,,,,,,,,
E14001247,E12000009,Glastonbury and Somerton,,South West,England,County,,,,,,,,,,,,,,,,,,,,,,,,,
S14000090,S92000003,Glenrothes and Mid Fife,,Scotland,Scotland,County,,,,,,,,,,,,,,,,,,,,,,,,,
E14001248,E12000009,Gloucester,,South West,England,Borough,,,,,,,,,,,,,,,,,,,,,,,,,
E14001249,E12000008,Godalming and Ash,,South East,England,County,,,,,,,,,,,,,,,,,,,,,,,,,
E14001250,E12000003,Goole and Pocklington,,Yorkshire and The Humber,England,County,,,,,,,,,,,,,,,,,,,,,,,,,
S14000091,S92000003,Gordon and Buchan,,Scotland,Scotland,County,,,,,,,,,,,,,,,,,,,,,,,,,
E14001251,E12000002,Gorton and Denton,,North West,England,Borough,,,,,,,,,,,,,,,,,,,,,,,,,
E14001252,E12000008,Gosport,,South East,England,Borough,,,,,,,,,,,,,,,,,,,,,,,,,
W07000097,W92000004,Gower,,Wales,Wales,County,,,,,,,,,,,,,,,,,,,,,,,,,
E14001253,E12000004,Grantham and Bourne,,East Midlands,England,County,,,,,,,,,,,,,,,,,,,,,,,,,
E14001254,E12000008,Gravesham,,South East,England,County,,,,,,,,,,,,,,,,,,,,,,,,,
E14001255,E12000003,Great Grimsby and Cleethorpes,,Yorkshire and The Humber,England,Borough,,,,,,,,,,,,,,,,,,,,,,,,,
E14001256,E12000006,Great Yarmouth,,East of England,England,County,,,,,,,,,,,,,,,,,,,,,,,,,
E14001257,E12000007,Greenwich and Woolwich,,London,England,Borough,,,,,,,,,,,,,,,,,,,,,,,,,
E14001258,E12000008,Guildford,,South East,England,County,,,,,,,,,,,,,,,,,,,,,,,,,
E14001259,E12000007,Hackney North and Stoke Newington,,London,England,Borough,,,,,,,,,,,,,,,,,,,,,,,,,
E14001260,E12000007,Hackney South and Shoreditch,,London,England,Borough,,,,,,,,,,,,,,,,,,,,,,,,,
E14001261,E12000005,Halesowen,,West Midlands,England,Borough,,,,,,,,,,,,,,,,,,,,,,,,,
E14001262,E12000003,Halifax,,Yorkshire and The Humber,England,Borough,,,,,,,,,,,,,,,,,,,,,,,,,
E14001263,E12000008,Hamble Valley,,South East,England,County,,,,,,,,,,,,,,,,,,,,,,,,,
S14000092,S92000003,Hamilton and Clyde Valley,,Scotland,Scotland,County,,,,,,,,,,,,,,,,,,,,,,,,,
E14001264,E12000007,Hammersmith and Chiswick,,London,England,Borough,,,,,,,,,,,,,,,,,,,,,,,,,
E14001265,E12000007,Hampstead and Highgate,,London,England,Borough,,,,,,,,,,,,,,,,,,,,,,,,,
E14001266,E12000004,"Harborough, Oadby and Wigston",,East Midlands,England,County,,,,,,,,,,,,,,,,,,,,,,,,,
E14001267,E12000006,Harlow,,East of England,England,County,,,,,,,,,,,,,,,,,,,,,,,,,
E14001268,E12000006,Harpenden and Berkhamsted,,East of England,England,County,,,,,,,,,,,,,,,,,,,,,,,,,
E14001269,E12000003,Harrogate and Knaresborough,,Yorkshire and The Humber,England,County,,,,,,,,,,,,,,,,,,,,,,,,,
E14001270,E12000007,Harrow East,,London,England,Borough,,,,,,,,,,,,,,,,,,,,,,,,,
E14001271,E12000007,Harrow West,,London,England,Borough,,,,,,,,,,,,,,,,,,,,,,,,,
E14001272,E12000001,Hartlepool,,North East,England,County,,,,,,,,,,,,,,,,,,,,,,,,,
E14001273,E12000006,Harwich and North Essex,,East of England,England,County,,,,,,,,,,,,,,,,,,,,,,,,,
E14001274,E12000008,Hastings and Rye,,South East,England,County,,,,,,,,,,,,,,,,,,,,,,,,,
E14001275,E12000008,Havant,,South East,England,Borough,,,,,,,,,,,,,,,,,,,,,,,,,
E14001276,E12000007,Hayes and Harlington,,London,England,Borough,,,,,,,,,,,,,,,,,,,,,,,,,
E14001277,E12000002,Hazel Grove,,North West,England,County,,,,,,,,,,,,,,,,,,,,,,,,,
E14001278,E12000006,Hemel Hempstead,,East of England,England,County,,,,,,,,,,,,,,,,,,,,,,,,,
E14001279,E12000007,Hendon,,London,England,Borough,,,,,,,,,,,,,,,,,,,,,,,,,
E14001280,E12000008,Henley and Thame,,South East,England,County,,,,,,,,,,,,,,,,,,,,,,,,,
E14001281,E12000005,Hereford and South Herefordshire,,West Midlands,England,County,,,,,,,,,,,,,,,,,,,,,,,,,
E14001282,E12000008,Herne Bay and Sandwich,,South East,England,County,,,,,,,,,,,,,,,,,,,,,,,,,
E14001283,E12000006,Hertford and Stortford,,East of England,England,County,,,,,,,,,,,,,,,,,,,,,,,,,
E14001284,E12000006,Hertsmere,,East of England,England,County,,,,,,,,,,,,,,,,,,,,,,,,,
E14001285,E12000001,Hexham,,North East,England,County,,,,,,,,,,,,,,,,,,,,,,,,,
E14001286,E12000002,Heywood and Middleton North,,North West,England,County,,,,,,,,,,,,,,,,,,,,,,,,,
E14001287,E12000004,High Peak,,East Midlands,England,County,,,,,,,,,,,,,,,,,,,,,,,,,
E14001288,E12000004,Hinckley and Bosworth,,East Midlands,England,County,,,,,,,,,,,,,,,,,,,,,,,,,
E14001289,E12000006,Hitchin,,East of England,England,County,,,,,,,,,,,,,,,,,,,,,,,,,
E14001290,E12000007,Holborn and St Pancras,,London,England,Borough,,,,,,,,,,,,,,,,,,,,,,,,,
E14001291,E12000009,Honiton and Sidmouth,,South West,England,County,,,,,,,,,,,,,,,,,,,,,,,,,
E14001292,E12000007,Hornchurch and Upminster,,London,England,Borough,,,,,,,,,,,,,,,,,,,,,,,,,
E14001293,E12000007,Hornsey and Friern Barnet,,London,England,Borough,,,,,,,,,,,,,,,,,,,,,,,,,
E14001294,E12000008,Horsham,,South East,England,County,,,,,,,,,,,,,,,,,,,,,,,,,
E14001295,E12000001,Houghton and Sunderland South,,North East,England,County,,,,,,,,,,,,,,,,,,,,,,,,,
E14001296,E12000008,Hove and Portslade,,South East,England,Borough,,,,,,,,,,,,,,,,,,,,,,,,,
E14001297,E12000003,Huddersfield,,Yorkshire and The Humber,England,Borough,,,,,,,,,,,,,,,,,,,,,,,,,
E14001298,E12000006,Huntingdon,,East of England,England,County,,,,,,,,,,,,,,,,,,,,,,,,,
E14001299,E12000002,Hyndburn,,North West,England,County,,,,,,,,,,,,,,,,,,,,,,,,,
E14001300,E12000007,Ilford North,,London,England,Borough,,,,,,,,,,,,,,,,,,,,,,,,,
E14001301,E12000007,Ilford South,,London,England,Borough,,,,,,,,,,,,,,,,,,,,,,,,,
S14000093,S92000003,Inverclyde and Renfrewshire West,,Scotland,Scotland,County,,,,,,,,,,,,,,,,,,,,,,,,,
S14000094,S92000003,"Inverness, Skye and West Ross-shire",,Scotland,Scotland,County,,,,,,,,,,,,,,,,,,,,,,,,,
E14001302,E12000006,Ipswich,,East of England,England,Borough,,,,,,,,,,,,,,,,,,,,,,,,,
E14001303,E12000008,Isle of Wight East,,South East,England,County,,,,,,,,,,,,,,,,,,,,,,,,,
E14001304,E12000008,Isle of Wight West,,South East,England,County,,,,,,,,,,,,,,,,,,,,,,,,,
E14001305,E12000007,Islington North,,London,England,Borough,,,,,,,,,,,,,,,,,,,,,,,,,
E14001306,E12000007,Islington South and Finsbury,,London,England,Borough,,,,,,,,,,,,,,,,,,,,,,,,,
E14001307,E12000001,Jarrow and Gateshead East,,North East,England,Borough,,,,,,,,,,,,,,,,,,,,,,,,,
E14001308,E12000003,Keighley and Ilkley,,Yorkshire and The Humber,England,County,,,,,,,,,,,,,,,,,,,,,,,,,
E14001309,E12000005,Kenilworth and Southam,,West Midlands,England,County,,,,,,,,,,,,,,,,,,,,,,,,,
E14001310,E12000007,Kensington and Bayswater,,London,England,Borough,,,,,,,,,,,,,,,,,,,,,,,,,
E14001311,E12000004,Kettering,,East Midlands,England,County,,,,,,,,,,,,,,,,,,,,,,,,,
S14000110,S92000003,Kilmarnock and Loudoun,,Scotland,Scotland,County,,,,,,,,,,,,,,,,,,,,,,,,,
E14001312,E12000007,Kingston and Surbiton,,London,England,Borough,,,,,,,,,,,,,,,,,,,,,,,,,
E14001313,E12000003,Kingston upon Hull East,,Yorkshire and The Humber,England,Borough,,,,,,,,,,,,,,,,,,,,,,,,,
E14001314,E12000003,Kingston upon Hull North and Cottingham,,Yorkshire and The Humber,England,Borough,,,,,,,,,,,,,,,,,,,,,,,,,
E14001315,E12000003,Kingston upon Hull West and Haltemprice,,Yorkshire and The Humber,England,Borough,,,,,,,,,,,,,,,,,,,,,,,,,
E14001316,E12000005,Kingswinford and South Staffordshire,,West Midlands,England,County,,,,,,,,,,,,,,,,,,,,,,,,,
E14001317,E12000002,Knowsley,,North West,England,Borough,,,,,,,,,,,,,,,,,,,,,,,,,
N05000009,N92000002,Lagan Valley,,Northern Ireland,Northern Ireland,County,,,,,,,,,,,,,,,,,,,,,,,,,
E14001318,E12000002,Lancaster and Wyre,,North West,England,County,,,,,,,,,,,,,,,,,,,,,,,,,
E14001319,E12000003,Leeds Central and Headingley,,Yorkshire and The Humber,England,Borough,,,,,,,,,,,,,,,,,,,,,,,,,
E14001320,E12000003,Leeds East,,Yorkshire and The Humber,England,County,,,,,,,,,,,,,,,,,,,,,,,,,
E14001321,E12000003,Leeds North East,,Yorkshire and The Humber,England,Borough,,,,,,,,,,,,,,,,,,,,,,,,,
E14001322,E12000003,Leeds North West,,Yorkshire and The Humber,England,County,,,,,,,,,,,,,,,,,,,,,,,,,
E14001323,E12000003,Leeds South,,Yorkshire and The Humber,England,Borough,,,,,,,,,,,,,,,,,,,,,,,,,
E14001324,E12000003,Leeds South West and Morley,,Yorkshire and The Humber,England,Borough,,,,,,,,,,,,,,,,,,,,,,,,,
E14001325,E12000003,Leeds West and Pudsey,,Yorkshire and The Humber,England,Borough,,,,,,,,,,,,,,,,,,,,,,,,,
E14001326,E12000004,Leicester East,,East Midlands,England,Borough,,,,,,,,,,,,,,,,,,,,,,,,,
E14001327,E12000004,Leicester South,,East Midlands,England,Borough,,,,,,,,,,,,,,,,,,,,,,,,,
E14001328,E12000004,Leicester West,,East Midlands,England,Borough,,,,,,,,,,,,,,,,,,,,,,,,,
E14001329,E12000002,Leigh and Atherton,,North West,England,Borough,,,,,,,,,,,,,,,,,,,,,,,,,
E14001330,E12000008,Lewes,,South East,England,County,,,,,,,,,,,,,,,,,,,,,,,,,
E14001331,E12000007,Lewisham East,,London,England,Borough,,,,,,,,,,,,,,,,,,,,,,,,,
E14001332,E12000007,Lewisham North,,London,England,Borough,,,,,,,,,,,,,,,,,,,,,,,,,
E14001333,E12000007,Lewisham West and East Dulwich,,London,England,Borough,,,,,,,,,,,,,,,,,,,,,,,,,
E14001334,E12000007,Leyton and Wanstead,,London,England,Borough,,,,,,,,,,,,,,,,,,,,,,,,,
E14001335,E12000005,Lichfield,,West Midlands,England,County,,,,,,,,,,,,,,,,,,,,,,,,,
E14001336,E12000004,Lincoln,,East Midlands,England,Borough,,,,,,,,,,,,,,,,,,,,,,,,,
E14001337,E12000002,Liverpool Garston,,North West,England,Borough,,,,,,,,,,,,,,,,,,,,,,,,,
E14001338,E12000002,Liverpool Riverside,,North West,England,Borough,,,,,,,,,,,,,,,,,,,,,,,,,
E14001339,E12000002,Liverpool Walton,,North West,England,Borough,,,,,,,,,,,,,,,,,,,,,,,,,
E14001340,E12000002,Liverpool Wavertree,,North West,England,Borough,,,,,,,,,,,,,,,,,,,,,,,,,
E14001341,E12000002,Liverpool West Derby,,North West,England,Borough,,,,,,,,,,,,,,,,,,,,,,,,,
S14000095,S92000003,Livingston,,Scotland,Scotland,County,,,,,,,,,,,,,,,,,,,,,,,,,
W07000098,W92000004,Llanelli,,Wales,Wales,County,,,,,,,,,,,,,,,,,,,,,,,,,
S14000096,S92000003,Lothian East,,Scotland,Scotland,County,,,,,,,,,,,,,,,,,,,,,,,,,
E14001342,E12000004,Loughborough,,East Midlands,England,County,,,,,,,,,,,,,,,,,,,,,,,,,
E14001343,E12000004,Louth and Horncastle,,East Midlands,England,County,,,,,,,,,,,,,,,,,,,,,,,,,
E14001344,E12000006,Lowestoft,,East of England,England,County,,,,,,,,,,,,,,,,,,,,,,,,,
E14001345,E12000006,Luton North,,East of England,England,Borough,,,,,,,,,,,,,,,,,,,,,,,,,
E14001346,E12000006,Luton South and South Bedfordshire,,East of England,England,County,,,,,,,,,,,,,,,,,,,,,,,,,
E14001347,E12000002,Macclesfield,,North West,England,County,,,,,,,,,,,,,,,,,,,,,,,,,
E14001348,E12000008,Maidenhead,,South East,England,County,,,,,,,,,,,,,,,,,,,,,,,,,
E14001349,E12000008,Maidstone and Malling,,South East,England,County,,,,,,,,,,,,,,,,,,,,,,,,,
E14001350,E12000002,Makerfield,,North West,England,Borough,,,,,,,,,,,,,,,,,,,,,,,,,
E14001351,E12000006,Maldon,,East of England,England,County,,,,,,,,,,,,,,,,,,,,,,,,,
E14001352,E12000002,Manchester Central,,North West,England,Borough,,,,,,,,,,,,,,,,,,,,,,,,,
E14001353,E12000002,Manchester Rusholme,,North West,England,Borough,,,,,,,,,,,,,,,,,,,,,,,,,
E14001354,E12000002,Manchester Withington,,North West,England,Borough,,,,,,,,,,,,,,,,,,,,,,,,,
E14001355,E12000004,Mansfield,,East Midlands,England,County,,,,,,,,,,,,,,,,,,,,,,,,,
E14001356,E12000009,Melksham and Devizes,,South West,England,County,,,,,,,,,,,,,,,,,,,,,,,,,
E14001357,E12000004,Melton and Syston,,East Midlands,England,County,,,,,,,,,,,,,,,,,,,,,,,,,
E14001358,E12000005,Meriden and Solihull East,,West Midlands,England,County,,,,,,,,,,,,,,,,,,,,,,,,,
W07000099,W92000004,Merthyr Tydfil and Aberdare,,Wales,Wales,County,,,,,,,,,,,,,,,,,,,,,,,,,
W07000100,W92000004,Mid and South Pembrokeshire,,Wales,Wales,County,,,,,,,,,,,,,,,,,,,,,,,,,
E14001359,E12000006,Mid Bedfordshire,,East of England,England,County,,,,,,,,,,,,,,,,,,,,,,,,,
E14001360,E12000008,Mid Buckinghamshire,,South East,England,County,,,,,,,,,,,,,,,,,,,,,,,,,
E14001361,E12000002,Mid Cheshire,,North West,England,County,,,,,,,,,,,,,,,,,,,,,,,,,
E14001362,E12000004,Mid Derbyshire,,East Midlands,England,County,,,,,,,,,,,,,,,,,,,,,,,,,
E14001363,E12000009,Mid Dorset and North Poole,,South West,England,County,,,,,,,,,,,,,,,,,,,,,,,,,
S14000097,S92000003,Mid Dunbartonshire,,Scotland,Scotland,County,,,,,,,,,,,,,,,,,,,,,,,,,
E14001364,E12000004,Mid Leicestershire,,East Midlands,England,County,,,,,,,,,,,,,,,,,,,,,,,,,
E14001365,E12000006,Mid Norfolk,,East of England,England,County,,,,,,,,,,,,,,,,,,,,,,,,,
E14001366,E12000008,Mid Sussex,,South East,England,County,,,,,,,,,,,,,,,,,,,,,,,,,
N05000010,N92000002,Mid Ulster,,Northern Ireland,Northern Ireland,County,,,,,,,,,,,,,,,,,,,,,,,,,
E14001367,E12000001,Middlesbrough and Thornaby East,,North East,England,Borough,,,,,,,,,,,,,,,,,,,,,,,,,
E14001368,E12000001,Middlesbrough South and East Cleveland,,North East,England,County,,,,,,,,,,,,,,,,,,,,,,,,,
S14000045,S92000003,Midlothian,,Scotland,Scotland,County,,,,,,,,,,,,,,,,,,,,,,,,,
E14001369,E12000008,Milton Keynes Central,,South East,England,Borough,,,,,,,,,,,,,,,,,,,,,,,,,
E14001370,E12000008,Milton Keynes North,,South East,England,County,,,,,,,,,,,,,,,,,,,,,,,,,
E14001371,E12000007,Mitcham and Morden,,London,England,Borough,,,,,,,,,,,,,,,,,,,,,,,,,
W07000101,W92000004,Monmouthshire,,Wales,Wales,County,,,,,,,,,,,,,,,,,,,,,,,,,
W07000102,W92000004,Montgomeryshire and Glyndŵr,,Wales,Wales,County,,,,,,,,,,,,,,,,,,,,,,,,,
S14000098,S92000003,"Moray West, Nairn and Strathspey",,Scotland,Scotland,County,,,,,,,,,,,,,,,,,,,,,,,,,
E14001372,E12000002,Morecambe and Lunesdale,,North West,England,County,,,,,,,,,,,,,,,,,,,,,,,,,
S14000099,S92000003,"Motherwell, Wishaw and Carluke",,Scotland,Scotland,County,,,,,,,,,,,,,,,,,,,,,,,,,
S14000027,S92000003,Na h-Eileanan an Iar,,Scotland,Scotland,County,,,,,,,,,,,,,,,,,,,,,,,,,
W07000103,W92000004,Neath and Swansea East,,Wales,Wales,County,,,,,,,,,,,,,,,,,,,,,,,,,
E14001373,E12000008,New Forest East,,South East,England,County,,,,,,,,,,,,,,,,,,,,,,,,,
E14001374,E12000008,New Forest West,,South East,England,County,,,,,,,,,,,,,,,,,,,,,,,,,
E14001375,E12000004,Newark,,East Midlands,England,County,,,,,,,,,,,,,,,,,,,,,,,,,
E14001376,E12000008,Newbury,,South East,England,County,,,,,,,,,,,,,,,,,,,,,,,,,
E14001377,E12000001,Newcastle upon Tyne Central and West,,North East,England,Borough,,,,,,,,,,,,,,,,,,,,,,,,,
E14001378,E12000001,Newcastle upon Tyne East and Wallsend,,North East,England,Borough,,,,,,,,,,,,,,,,,,,,,,,,,
E14001379,E12000001,Newcastle upon Tyne North,,North East,England,Borough,,,,,,,,,,,,,,,,,,,,,,,,,
E14001380,E12000005,Newcastle-under-Lyme,,West Midlands,England,County,,,,,,,,,,,,,,,,,,,,,,,,,
W07000104,W92000004,Newport East,,Wales,Wales,County,,,,,,,,,,,,,,,,,,,,,,,,,
W07000105,W92000004,Newport West and Islwyn,,Wales,Wales,County,,,,,,,,,,,,,,,,,,,,,,,,,
N05000011,N92000002,Newry and Armagh,,Northern Ireland,Northern Ireland,County,,,,,,,,,,,,,,,,,,,,,,,,,
E14001381,E12000009,Newton Abbot,,South West,England,County,,,,,,,,,,,,,,,,,,,,,,,,,
E14001382,E12000001,Newton Aycliffe and Spennymoor,,North East,England,County,,,,,,,,,,,,,,,,,,,,,,,,,
E14001383,E12000003,Normanton and Hemsworth,,Yorkshire and The Humber,England,County,,,,,,,,,,,,,,,,,,,,,,,,,
N05000012,N92000002,North Antrim,,Northern Ireland,Northern Ireland,County,,,,,,,,,,,,,,,,,,,,,,,,,
S14000048,S92000003,North Ayrshire and Arran,,Scotland,Scotland,County,,,,,,,,,,,,,,,,,,,,,,,,,
E14001384,E12000006,North Bedfordshire,,East of England,England,County,,,,,,,,,,,,,,,,,,,,,,,,,
E14001385,E12000009,North Cornwall,,South West,England,County,,,,,,,,,,,,,,,,,,,,,,,,,
E14001386,E12000009,North Cotswolds,,South West,England,County,,,,,,,,,,,,,,,,,,,,,,,,,
E14001387,E12000009,North Devon,,South West,England,County,,,,,,,,,,,,,,,,,,,,,,,,,
E14001388,E12000009,North Dorset,,South West,England,County,,,,,,,,,,,,,,,,,,,,,,,,,
N05000013,N92000002,North Down,,Northern Ireland,Northern Ireland,County,,,,,,,,,,,,,,,,,,,,,,,,,
E14001389,E12000001,North Durham,,North East,England,County,,,,,,,,,,,,,,,,,,,,,,,,,
E14001390,E12000006,North East Cambridgeshire,,East of England,England,County,,,,,,,,,,,,,,,,,,,,,,,,,
E14001391,E12000004,North East Derbyshire,,East Midlands,England,County,,,,,,,,,,,,,,,,,,,,,,,,,
S14000100,S92000003,North East Fife,,Scotland,Scotland,County,,,,,,,,,,,,,,,,,,,,,,,,,
E14001392,E12000008,North East Hampshire,,South East,England,County,,,,,,,,,,,,,,,,,,,,,,,,,
E14001393,E12000006,North East Hertfordshire,,East of England,England,County,,,,,,,,,,,,,,,,,,,,,,,,,
E14001394,E12000009,North East Somerset and Hanham,,South West,England,County,,,,,,,,,,,,,,,,,,,,,,,,,
E14001395,E12000005,North Herefordshire,,West Midlands,England,County,,,,,,,,,,,,,,,,,,,,,,,,,
E14001396,E12000006,North Norfolk,,East of England,England,County,,,,,,,,,,,,,,,,,,,,,,,,,
E14001397,E12000001,North Northumberland,,North East,England,County,,,,,,,,,,,,,,,,,,,,,,,,,
E14001398,E12000005,North Shropshire,,West Midlands,England,County,,,,,,,,,,,,,,,,,,,,,,,,,
E14001399,E12000009,North Somerset,,South West,England,County,,,,,,,,,,,,,,,,,,,,,,,,,
E14001400,E12000005,North Warwickshire and Bedworth,,West Midlands,England,County,,,,,,,,,,,,,,,,,,,,,,,,,
E14001401,E12000006,North West Cambridgeshire,,East of England,England,County,,,,,,,,,,,,,,,,,,,,,,,,,
E14001402,E12000006,North West Essex,,East of England,England,County,,,,,,,,,,,,,,,,,,,,,,,,,
E14001403,E12000008,North West Hampshire,,South East,England,County,,,,,,,,,,,,,,,,,,,,,,,,,
E14001404,E12000004,North West Leicestershire,,East Midlands,England,County,,,,,,,,,,,,,,,,,,,,,,,,,
E14001405,E12000006,North West Norfolk,,East of England,England,County,,,,,,,,,,,,,,,,,,,,,,,,,
E14001406,E12000004,Northampton North,,East Midlands,England,Borough,,,,,,,,,,,,,,,,,,,,,,,,,
E14001407,E12000004,Northampton South,,East Midlands,England,Borough,,,,,,,,,,,,,,,,,,,,,,,,,
E14001408,E12000006,Norwich North,,East of England,England,Borough,,,,,,,,,,,,,,,,,,,,,,,,,
E14001409,E12000006,Norwich South,,East of England,England,Borough,,,,,,,,,,,,,,,,,,,,,,,,,
E14001410,E12000004,Nottingham East,,East Midlands,England,Borough,,,,,,,,,,,,,,,,,,,,,,,,,
E14001411,E12000004,Nottingham North and Kimberley,,East Midlands,England,Borough,,,,,,,,,,,,,,,,,,,,,,,,,
E14001412,E12000004,Nottingham South,,East Midlands,England,Borough,,,,,,,,,,,,,,,,,,,,,,,,,
E14001413,E12000005,Nuneaton,,West Midlands,England,County,,,,,,,,,,,,,,,,,,,,,,,,,
E14001414,E12000007,Old Bexley and Sidcup,,London,England,Borough,,,,,,,,,,,,,,,,,,,,,,,,,
E14001415,E12000002,Oldham East and Saddleworth,,North West,England,County,,,,,,,,,,,,,,,,,,,,,,,,,
E14001416,E12000002,"Oldham West, Chadderton and Royton",,North West,England,Borough,,,,,,,,,,,,,,,,,,,,,,,,,
S14000051,S92000003,Orkney and Shetland,,Scotland,Scotland,County,,,,,,,,,,,,,,,,,,,,,,,,,
E14001417,E12000007,Orpington,,London,England,Borough,,,,,,,,,,,,,,,,,,,,,,,,,
E14001418,E12000003,Ossett and Denby Dale,,Yorkshire and The Humber,England,County,,,,,,,,,,,,,,,,,,,,,,,,,
E14001419,E12000008,Oxford East,,South East,England,Borough,,,,,,,,,,,,,,,,,,,,,,,,,
E14001420,E12000008,Oxford West and Abingdon,,South East,England,County,,,,,,,,,,,,,,,,,,,,,,,,,
S14000101,S92000003,Paisley and Renfrewshire North,,Scotland,Scotland,Burgh,,,,,,,,,,,,,,,,,,,,,,,,,
S14000102,S92000003,Paisley and Renfrewshire South,,Scotland,Scotland,County,,,,,,,,,,,,,,,,,,,,,,,,,
E14001421,E12000007,Peckham,,London,England,Borough,,,,,,,,,,,,,,,,,,,,,,,,,
E14001422,E12000002,Pendle and Clitheroe,,North West,England,County,,,,,,,,,,,,,,,,,,,,,,,,,
E14001423,E12000003,Penistone and Stocksbridge,,Yorkshire and The Humber,England,County,,,,,,,,,,,,,,,,,,,,,,,,,
E14001424,E12000002,Penrith and Solway,,North West,England,County,,,,,,,,,,,,,,,,,,,,,,,,,
S14000103,S92000003,Perth and Kinross-shire,,Scotland,Scotland,County,,,,,,,,,,,,,,,,,,,,,,,,,
E14001425,E12000006,Peterborough,,East of England,England,County,,,,,,,,,,,,,,,,,,,,,,,,,
E14001426,E12000009,Plymouth Moor View,,South West,England,Borough,,,,,,,,,,,,,,,,,,,,,,,,,
E14001427,E12000009,Plymouth Sutton and Devonport,,South West,England,Borough,,,,,,,,,,,,,,,,,,,,,,,,,
E14001428,E12000003,"Pontefract, Castleford and Knottingley",,Yorkshire and The Humber,England,County,,,,,,,,,,,,,,,,,,,,,,,,,
W07000106,W92000004,Pontypridd,,Wales,Wales,County,,,,,,,,,,,,,,,,,,,,,,,,,
E14001429,E12000009,Poole,,South West,England,Borough,,,,,,,,,,,,,,,,,,,,,,,,,
E14001430,E12000007,Poplar and Limehouse,,London,England,Borough,,,,,,,,,,,,,,,,,,,,,,,,,
E14001431,E12000008,Portsmouth North,,South East,England,Borough,,,,,,,,,,,,,,,,,,,,,,,,,
E14001432,E12000008,Portsmouth South,,South East,England,Borough,,,,,,,,,,,,,,,,,,,,,,,,,
E14001433,E12000002,Preston,,North West,England,Borough,,,,,,,,,,,,,,,,,,,,,,,,,
E14001434,E12000007,Putney,,London,England,Borough,,,,,,,,,,,,,,,,,,,,,,,,,
E14001435,E12000007,Queen's Park and Maida Vale,,London,England,Borough,,,,,,,,,,,,,,,,,,,,,,,,,
E14001436,E12000003,Rawmarsh and Conisbrough,,Yorkshire and The Humber,England,County,,,,,,,,,,,,,,,,,,,,,,,,,
E14001437,E12000006,Rayleigh and Wickford,,East of England,England,County,,,,,,,,,,,,,,,,,,,,,,,,,
E14001438,E12000008,Reading Central,,South East,England,Borough,,,,,,,,,,,,,,,,,,,,,,,,,
E14001439,E12000008,Reading West and Mid Berkshire,,South East,England,County,,,,,,,,,,,,,,,,,,,,,,,,,
E14001440,E12000001,Redcar,,North East,England,Borough,,,,,,,,,,,,,,,,,,,,,,,,,
E14001441,E12000005,Redditch,,West Midlands,England,County,,,,,,,,,,,,,,,,,,,,,,,,,
E14001442,E12000008,Reigate,,South East,England,County,,,,,,,,,,,,,,,,,,,,,,,,,
W07000107,W92000004,Rhondda and Ogmore,,Wales,Wales,County,,,,,,,,,,,,,,,,,,,,,,,,,
E14001443,E12000002,Ribble Valley,,North West,England,County,,,,,,,,,,,,,,,,,,,,,,,,,
E14001444,E12000003,Richmond and Northallerton,,Yorkshire and The Humber,England,County,,,,,,,,,,,,,,,,,,,,,,,,,
E14001445,E12000007,Richmond Park,,London,England,Borough,,,,,,,,,,,,,,,,,,,,,,,,,
E14001446,E12000002,Rochdale,,North West,England,County,,,,,,,,,,,,,,,,,,,,,,,,,
E14001447,E12000008,Rochester and Strood,,South East,England,County,,,,,,,,,,,,,,,,,,,,,,,,,
E14001448,E12000007,Romford,,London,England,Borough,,,,,,,,,,,,,,,,,,,,,,,,,
E14001449,E12000008,Romsey and Southampton North,,South East,England,County,,,,,,,,,,,,,,,,,,,,,,,,,
E14001450,E12000002,Rossendale and Darwen,,North West,England,County,,,,,,,,,,,,,,,,,,,,,,,,,
E14001451,E12000003,Rother Valley,,Yorkshire and The Humber,England,County,,,,,,,,,,,,,,,,,,,,,,,,,
E14001452,E12000003,Rotherham,,Yorkshire and The Humber,England,Borough,,,,,,,,,,,,,,,,,,,,,,,,,
E14001453,E12000005,Rugby,,West Midlands,England,County,,,,,,,,,,,,,,,,,,,,,,,,,
E14001454,E12000007,"Ruislip, Northwood and Pinner",,London,England,Borough,,,,,,,,,,,,,,,,,,,,,,,,,
E14001455,E12000002,Runcorn and Helsby,,North West,England,County,,,,,,,,,,,,,,,,,,,,,,,,,
E14001456,E12000008,Runnymede and Weybridge,,South East,England,County,,,,,,,,,,,,,,,,,,,,,,,,,
E14001457,E12000004,Rushcliffe,,East Midlands,England,County,,,,,,,,,,,,,,,,,,,,,,,,,
S14000104,S92000003,Rutherglen,,Scotland,Scotland,Burgh,,,,,,,,,,,,,,,,,,,,,,,,,
E14001458,E12000004,Rutland and Stamford,,East Midlands,England,County,,,,,,,,,,,,,,,,,,,,,,,,,
E14001459,E12000002,Salford,,North West,England,Borough,,,,,,,,,,,,,,,,,,,,,,,,,
E14001460,E12000009,Salisbury,,South West,England,County,,,,,,,,,,,,,,,,,,,,,,,,,
E14001461,E12000003,Scarborough and Whitby,,Yorkshire and The Humber,England,County,,,,,,,,,,,,,,,,,,,,,,,,,
E14001462,E12000003,Scunthorpe,,Yorkshire and The Humber,England,County,,,,,,,,,,,,,,,,,,,,,,,,,
E14001463,E12000002,Sefton Central,,North West,England,County,,,,,,,,,,,,,,,,,,,,,,,,,
E14001464,E12000003,Selby,,Yorkshire and The Humber,England,County,,,,,,,,,,,,,,,,,,,,,,,,,
E14001465,E12000008,Sevenoaks,,South East,England,County,,,,,,,,,,,,,,,,,,,,,,,,,
E14001466,E12000003,Sheffield Brightside and Hillsborough,,Yorkshire and The Humber,England,Borough,,,,,,,,,,,,,,,,,,,,,,,,,
E14001467,E12000003,Sheffield Central,,Yorkshire and The Humber,England,Borough,,,,,,,,,,,,,,,,,,,,,,,,,
E14001468,E12000003,Sheffield Hallam,,Yorkshire and The Humber,England,County,,,,,,,,,,,,,,,,,,,,,,,,,
E14001469,E12000003,Sheffield Heeley,,Yorkshire and The Humber,England,Borough,,,,,,,,,,,,,,,,,,,,,,,,,
E14001470,E12000003,Sheffield South East,,Yorkshire and The Humber,England,Borough,,,,,,,,,,,,,,,,,,,,,,,,,
E14001471,E12000004,Sherwood Forest,,East Midlands,England,County,,,,,,,,,,,,,,,,,,,,,,,,,
E14001472,E12000003,Shipley,,Yorkshire and The Humber,England,County,,,,,,,,,,,,,,,,,,,,,,,,,
E14001473,E12000005,Shrewsbury,,West Midlands,England,County,,,,,,,,,,,,,,,,,,,,,,,,,
E14001474,E12000008,Sittingbourne and Sheppey,,South East,England,County,,,,,,,,,,,,,,,,,,,,,,,,,
E14001475,E12000003,Skipton and Ripon,,Yorkshire and The Humber,England,County,,,,,,,,,,,,,,,,,,,,,,,,,
E14001476,E12000004,Sleaford and North Hykeham,,East Midlands,England,County,,,,,,,,,,,,,,,,,,,,,,,,,
E14001477,E12000008,Slough,,South East,England,Borough,,,,,,,,,,,,,,,,,,,,,,,,,
E14001478,E12000005,Smethwick,,West Midlands,England,Borough,,,,,,,,,,,,,,,,,,,,,,,,,
E14001479,E12000005,Solihull West and Shirley,,West Midlands,England,Borough,,,,,,,,,,,,,,,,,,,,,,,,,
N05000014,N92000002,South Antrim,,Northern Ireland,Northern Ireland,County,,,,,,,,,,,,,,,,,,,,,,,,,
E14001480,E12000006,South Basildon and East Thurrock,,East of England,England,County,,,,,,,,,,,,,,,,,,,,,,,,,
E14001481,E12000006,South Cambridgeshire,,East of England,England,County,,,,,,,,,,,,,,,,,,,,,,,,,
E14001482,E12000009,South Cotswolds,,South West,England,County,,,,,,,,,,,,,,,,,,,,,,,,,
E14001483,E12000004,South Derbyshire,,East Midlands,England,County,,,,,,,,,,,,,,,,,,,,,,,,,
E14001484,E12000009,South Devon,,South West,England,County,,,,,,,,,,,,,,,,,,,,,,,,,
E14001485,E12000009,South Dorset,,South West,England,County,,,,,,,,,,,,,,,,,,,,,,,,,
N05000015,N92000002,South Down,,Northern Ireland,Northern Ireland,County,,,,,,,,,,,,,,,,,,,,,,,,,
E14001486,E12000009,South East Cornwall,,South West,England,County,,,,,,,,,,,,,,,,,,,,,,,,,
E14001487,E12000004,South Holland and The Deepings,,East Midlands,England,County,,,,,,,,,,,,,,,,,,,,,,,,,
E14001488,E12000004,South Leicestershire,,East Midlands,England,County,,,,,,,,,,,,,,,,,,,,,,,,,
E14001489,E12000006,South Norfolk,,East of England,England,County,,,,,,,,,,,,,,,,,,,,,,,,,
E14001490,E12000004,South Northamptonshire,,East Midlands,England,County,,,,,,,,,,,,,,,,,,,,,,,,,
E14001491,E12000002,South Ribble,,North West,England,County,,,,,,,,,,,,,,,,,,,,,,,,,
E14001492,E12000001,South Shields,,North East,England,Borough,,,,,,,,,,,,,,,,,,,,,,,,,
E14001493,E12000005,South Shropshire,,West Midlands,England,County,,,,,,,,,,,,,,,,,,,,,,,,,
E14001494,E12000006,South Suffolk,,East of England,England,County,,,,,,,,,,,,,,,,,,,,,,,,,
E14001495,E12000009,South West Devon,,South West,England,County,,,,,,,,,,,,,,,,,,,,,,,,,
E14001496,E12000006,South West Hertfordshire,,East of England,England,County,,,,,,,,,,,,,,,,,,,,,,,,,
E14001497,E12000006,South West Norfolk,,East of England,England,County,,,,,,,,,,,,,,,,,,,,,,,,,
E14001498,E12000009,South West Wiltshire,,South West,England,County,,,,,,,,,,,,,,,,,,,,,,,,,
E14001499,E12000008,Southampton Itchen,,South East,England,Borough,,,,,,,,,,,,,,,,,,,,,,,,,
E14001500,E12000008,Southampton Test,,South East,England,Borough,,,,,,,,,,,,,,,,,,,,,,,,,
E14001501,E12000006,Southend East and Rochford,,East of England,England,County,,,,,,,,,,,,,,,,,,,,,,,,,
E14001502,E12000006,Southend West and Leigh,,East of England,England,Borough,,,,,,,,,,,,,,,,,,,,,,,,,
E14001503,E12000007,Southgate and Wood Green,,London,England,Borough,,,,,,,,,,,,,,,,,,,,,,,,,
E14001504,E12000002,Southport,,North West,England,County,,,,,,,,,,,,,,,,,,,,,,,,,
E14001505,E12000008,Spelthorne,,South East,England,Borough,,,,,,,,,,,,,,,,,,,,,,,,,
E14001506,E12000003,Spen Valley,,Yorkshire and The Humber,England,Borough,,,,,,,,,,,,,,,,,,,,,,,,,
E14001507,E12000006,St Albans,,East of England,England,County,,,,,,,,,,,,,,,,,,,,,,,,,
E14001508,E12000009,St Austell and Newquay,,South West,England,County,,,,,,,,,,,,,,,,,,,,,,,,,
E14001509,E12000002,St Helens North,,North West,England,County,,,,,,,,,,,,,,,,,,,,,,,,,
E14001510,E12000002,St Helens South and Whiston,,North West,England,Borough,,,,,,,,,,,,,,,,,,,,,,,,,
E14001511,E12000009,St Ives,,South West,England,County,,,,,,,,,,,,,,,,,,,,,,,,,
E14001512,E12000006,St Neots and Mid Cambridgeshire,,East of England,England,County,,,,,,,,,,,,,,,,,,,,,,,,,
E14001513,E12000005,Stafford,,West Midlands,England,County,,,,,,,,,,,,,,,,,,,,,,,,,
E14001514,E12000005,Staffordshire Moorlands,,West Midlands,England,County,,,,,,,,,,,,,,,,,,,,,,,,,
E14001515,E12000002,Stalybridge and Hyde,,North West,England,County,,,,,,,,,,,,,,,,,,,,,,,,,
E14001516,E12000006,Stevenage,,East of England,England,County,,,,,,,,,,,,,,,,,,,,,,,,,
S14000105,S92000003,Stirling and Strathallan,,Scotland,Scotland,County,,,,,,,,,,,,,,,,,,,,,,,,,
E14001517,E12000002,Stockport,,North West,England,Borough,,,,,,,,,,,,,,,,,,,,,,,,,
E14001518,E12000001,Stockton North,,North East,England,County,,,,,,,,,,,,,,,,,,,,,,,,,
E14001519,E12000001,Stockton West,,North East,England,County,,,,,,,,,,,,,,,,,,,,,,,,,
E14001520,E12000005,Stoke-on-Trent Central,,West Midlands,England,Borough,,,,,,,,,,,,,,,,,,,,,,,,,
E14001521,E12000005,Stoke-on-Trent North,,West Midlands,England,Borough,,,,,,,,,,,,,,,,,,,,,,,,,
E14001522,E12000005,Stoke-on-Trent South,,West Midlands,England,County,,,,,,,,,,,,,,,,,,,,,,,,,
E14001523,E12000005,"Stone, Great Wyrley and Penkridge",,West Midlands,England,County,,,,,,,,,,,,,,,,,,,,,,,,,
E14001524,E12000005,Stourbridge,,West Midlands,England,Borough,,,,,,,,,,,,,,,,,,,,,,,,,
N05000016,N92000002,Strangford,,Northern Ireland,Northern Ireland,County,,,,,,,,,,,,,,,,,,,,,,,,,
E14001525,E12000007,Stratford and Bow,,London,England,Borough,,,,,,,,,,,,,,,,,,,,,,,,,
E14001526,E12000005,Stratford-on-Avon,,West Midlands,England,County,,,,,,,,,,,,,,,,,,,,,,,,,
E14001527,E12000007,Streatham and Croydon North,,London,England,Borough,,,,,,,,,,,,,,,,,,,,,,,,,
E14001528,E12000002,Stretford and Urmston,,North West,England,Borough,,,,,,,,,,,,,,,,,,,,,,,,,
E14001529,E12000009,Stroud,,South West,England,County,,,,,,,,,,,,,,,,,,,,,,,,,
E14001530,E12000006,Suffolk Coastal,,East of England,England,County,,,,,,,,,,,,,,,,,,,,,,,,,
E14001531,E12000001,Sunderland Central,,North East,England,Borough,,,,,,,,,,,,,,,,,,,,,,,,,
E14001532,E12000008,Surrey Heath,,South East,England,County,,,,,,,,,,,,,,,,,,,,,,,,,
E14001533,E12000008,Sussex Weald,,South East,England,County,,,,,,,,,,,,,,,,,,,,,,,,,
E14001534,E12000007,Sutton and Cheam,,London,England,Borough,,,,,,,,,,,,,,,,,,,,,,,,,
E14001535,E12000005,Sutton Coldfield,,West Midlands,England,Borough,,,,,,,,,,,,,,,,,,,,,,,,,
W07000108,W92000004,Swansea West,,Wales,Wales,County,,,,,,,,,,,,,,,,,,,,,,,,,
E14001536,E12000009,Swindon North,,South West,England,County,,,,,,,,,,,,,,,,,,,,,,,,,
E14001537,E12000009,Swindon South,,South West,England,Borough,,,,,,,,,,,,,,,,,,,,,,,,,
E14001538,E12000005,Tamworth,,West Midlands,England,County,,,,,,,,,,,,,,,,,,,,,,,,,
E14001539,E12000002,Tatton,,North West,England,County,,,,,,,,,,,,,,,,,,,,,,,,,
E14001540,E12000009,Taunton and Wellington,,South West,England,County,,,,,,,,,,,,,,,,,,,,,,,,,
E14001541,E12000005,Telford,,West Midlands,England,Borough,,,,,,,,,,,,,,,,,,,,,,,,,
E14001542,E12000009,Tewkesbury,,South West,England,County,,,,,,,,,,,,,,,,,,,,,,,,,
E14001543,E12000005,The Wrekin,,West Midlands,England,County,,,,,,,,,,,,,,,,,,,,,,,,,
E14001544,E12000003,Thirsk and Malton,,Yorkshire and The Humber,England,County,,,,,,,,,,,,,,,,,,,,,,,,,
E14001545,E12000009,Thornbury and Yate,,South West,England,County,,,,,,,,,,,,,,,,,,,,,,,,,
E14001546,E12000006,Thurrock,,East of England,England,Borough,,,,,,,,,,,,,,,,,,,,,,,,,
E14001547,E12000005,Tipton and Wednesbury,,West Midlands,England,Borough,,,,,,,,,,,,,,,,,,,,,,,,,
E14001548,E12000009,Tiverton and Minehead,,South West,England,County,,,,,,,,,,,,,,,,,,,,,,,,,
E14001549,E12000008,Tonbridge,,South East,England,County,,,,,,,,,,,,,,,,,,,,,,,,,
E14001550,E12000007,Tooting,,London,England,Borough,,,,,,,,,,,,,,,,,,,,,,,,,
E14001551,E12000009,Torbay,,South West,England,Borough,,,,,,,,,,,,,,,,,,,,,,,,,
W07000109,W92000004,Torfaen,,Wales,Wales,County,,,,,,,,,,,,,,,,,,,,,,,,,
E14001552,E12000009,Torridge and Tavistock,,South West,England,County,,,,,,,,,,,,,,,,,,,,,,,,,
E14001553,E12000007,Tottenham,,London,England,Borough,,,,,,,,,,,,,,,,,,,,,,,,,
E14001554,E12000009,Truro and Falmouth,,South West,England,County,,,,,,,,,,,,,,,,,,,,,,,,,
E14001555,E12000008,Tunbridge Wells,,South East,England,County,,,,,,,,,,,,,,,,,,,,,,,,,
E14001556,E12000007,Twickenham,,London,England,Borough,,,,,,,,,,,,,,,,,,,,,,,,,
E14001557,E12000001,Tynemouth,,North East,England,Borough,,,,,,,,,,,,,,,,,,,,,,,,,
N05000017,N92000002,Upper Bann,,Northern Ireland,Northern Ireland,County,,,,,,,,,,,,,,,,,,,,,,,,,
E14001558,E12000007,Uxbridge and South Ruislip,,London,England,Borough,,,,,,,,,,,,,,,,,,,,,,,,,
W07000110,W92000004,Vale of Glamorgan,,Wales,Wales,County,,,,,,,,,,,,,,,,,,,,,,,,,
E14001559,E12000007,Vauxhall and Camberwell Green,,London,England,Borough,,,,,,,,,,,,,,,,,,,,,,,,,
E14001560,E12000003,Wakefield and Rothwell,,Yorkshire and The Humber,England,Borough,,,,,,,,,,,,,,,,,,,,,,,,,
E14001561,E12000002,Wallasey,,North West,England,Borough,,,,,,,,,,,,,,,,,,,,,,,,,
E14001562,E12000005,Walsall and Bloxwich,,West Midlands,England,Borough,,,,,,,,,,,,,,,,,,,,,,,,,
E14001563,E12000007,Walthamstow,,London,England,Borough,,,,,,,,,,,,,,,,,,,,,,,,,
E14001564,E12000002,Warrington North,,North West,England,County,,,,,,,,,,,,,,,,,,,,,,,,,
E14001565,E12000002,Warrington South,,North West,England,County,,,,,,,,,,,,,,,,,,,,,,,,,
E14001566,E12000005,Warwick and Leamington,,West Midlands,England,County,,,,,,,,,,,,,,,,,,,,,,,,,
E14001567,E12000001,Washington and Gateshead South,,North East,England,Borough,,,,,,,,,,,,,,,,,,,,,,,,,
E14001568,E12000006,Watford,,East of England,England,Borough,,,,,,,,,,,,,,,,,,,,,,,,,
E14001569,E12000006,Waveney Valley,,East of England,England,County,,,,,,,,,,,,,,,,,,,,,,,,,
E14001570,E12000008,Weald of Kent,,South East,England,County,,,,,,,,,,,,,,,,,,,,,,,,,
E14001571,E12000004,Wellingborough and Rushden,,East Midlands,England,County,,,,,,,,,,,,,,,,,,,,,,,,,
E14001572,E12000009,Wells and Mendip Hills,,South West,England,County,,,,,,,,,,,,,,,,,,,,,,,,,
E14001573,E12000006,Welwyn Hatfield,,East of England,England,County,,,,,,,,,,,,,,,,,,,,,,,,,
S14000111,S92000003,West Aberdeenshire and Kincardine,,Scotland,Scotland,County,,,,,,,,,,,,,,,,,,,,,,,,,
E14001574,E12000005,West Bromwich,,West Midlands,England,Borough,,,,,,,,,,,,,,,,,,,,,,,,,
E14001575,E12000009,West Dorset,,South West,England,County,,,,,,,,,,,,,,,,,,,,,,,,,
S14000106,S92000003,West Dunbartonshire,,Scotland,Scotland,County,,,,,,,,,,,,,,,,,,,,,,,,,
E14001576,E12000007,West Ham and Beckton,,London,England,Borough,,,,,,,,,,,,,,,,,,,,,,,,,
E14001577,E12000002,West Lancashire,,North West,England,County,,,,,,,,,,,,,,,,,,,,,,,,,
E14001578,E12000006,West Suffolk,,East of England,England,County,,,,,,,,,,,,,,,,,,,,,,,,,
N05000018,N92000002,West Tyrone,,Northern Ireland,Northern Ireland,County,,,,,,,,,,,,,,,,,,,,,,,,,
E14001579,E12000005,West Worcestershire,,West Midlands,England,County,,,,,,,,,,,,,,,,,,,,,,,,,
E14001580,E12000002,Westmorland and Lonsdale,,North West,England,County,,,,,,,,,,,,,,,,,,,,,,,,,
E14001581,E12000009,Weston-super-Mare,,South West,England,County,,,,,,,,,,,,,,,,,,,,,,,,,
E14001582,E12000003,Wetherby and Easingwold,,Yorkshire and The Humber,England,County,,,,,,,,,,,,,,,,,,,,,,,,,
E14001583,E12000002,Whitehaven and Workington,,North West,England,County,,,,,,,,,,,,,,,,,,,,,,,,,
E14001584,E12000002,Widnes and Halewood,,North West,England,County,,,,,,,,,,,,,,,,,,,,,,,,,
E14001585,E12000002,Wigan,,North West,England,County,,,,,,,,,,,,,,,,,,,,,,,,,
E14001586,E12000007,Wimbledon,,London,England,Borough,,,,,,,,,,,,,,,,,,,,,,,,,
E14001587,E12000008,Winchester,,South East,England,County,,,,,,,,,,,,,,,,,,,,,,,,,
E14001588,E12000008,Windsor,,South East,England,County,,,,,,,,,,,,,,,,,,,,,,,,,
E14001589,E12000002,Wirral West,,North West,England,County,,,,,,,,,,,,,,,,,,,,,,,,,
E14001590,E12000006,Witham,,East of England,England,County,,,,,,,,,,,,,,,,,,,,,,,,,
E14001591,E12000008,Witney,,South East,England,County,,,,,,,,,,,,,,,,,,,,,,,,,
E14001592,E12000008,Woking,,South East,England,Borough,,,,,,,,,,,,,,,,,,,,,,,,,
E14001593,E12000008,Wokingham,,South East,England,County,,,,,,,,,,,,,,,,,,,,,,,,,
E14001594,E12000005,Wolverhampton North East,,West Midlands,England,Borough,,,,,,,,,,,,,,,,,,,,,,,,,
E14001595,E12000005,Wolverhampton South East,,West Midlands,England,Borough,,,,,,,,,,,,,,,,,,,,,,,,,
E14001596,E12000005,Wolverhampton West,,West Midlands,England,Borough,,,,,,,,,,,,,,,,,,,,,,,,,
E14001597,E12000005,Worcester,,West Midlands,England,Borough,,,,,,,,,,,,,,,,,,,,,,,,,
E14001598,E12000002,Worsley and Eccles,,North West,England,County,,,,,,,,,,,,,,,,,,,,,,,,,
E14001599,E12000008,Worthing West,,South East,England,County,,,,,,,,,,,,,,,,,,,,,,,,,
W07000111,W92000004,Wrexham,,Wales,Wales,County,,,,,,,,,,,,,,,,,,,,,,,,,
E14001600,E12000008,Wycombe,,South East,England,County,,,,,,,,,,,,,,,,,,,,,,,,,
E14001601,E12000005,Wyre Forest,,West Midlands,England,County,,,,,,,,,,,,,,,,,,,,,,,,,
E14001602,E12000002,Wythenshawe and Sale East,,North West,England,Borough,,,,,,,,,,,,,,,,,,,,,,,,,
E14001603,E12000009,Yeovil,,South West,England,County,,,,,,,,,,,,,,,,,,,,,,,,,
W07000112,W92000004,Ynys Môn,,Wales,Wales,County,,,,,,,,,,,,,,,,,,,,,,,,,
E14001604,E12000003,York Central,,Yorkshire and The Humber,England,Borough,,,,,,,,,,,,,,,,,,,,,,,,,
E14001605,E12000003,York Outer,,Yorkshire and The Humber,England,County,,,,,,,,,,,,,,,,,,,,,,,,,